{
	"name": "PDFEmbed",
	"version": "2.0.5",
	"author": [
        "[https://www.mediawiki.org/wiki/User:Alexia_E._Smith Alexia E. Smith]",
        "[http://www.bitplan.com/index.php/Wolfgang_Fahl Wolfgang Fahl/ProfiWiki]",
        "[http://hexmode.com Mark A. Hershberger]",
        "[https://clkoerner.com Chris Koerner]"
    ],
	"url": "https://www.mediawiki.org/wiki/Extension:PDFEmbed",
	"descriptionmsg": "pdfembed_description",
	"license-name": "LGPL-3.0-only",
	"requires": {
		"MediaWiki": ">= 1.29.0"
	},
	"type": "parserhook",
	"GroupPermissions": {
		"sysop": {
			"embed_pdf": true
		}
	},
	"AvailableRights": [
		"embed_pdf"
	],
	"MessagesDirs": {
		"PDFEmbed": [
			"i18n"
		]
	},
	"AutoloadClasses": {
		"PDFEmbed": "PDFEmbed.hooks.php",
		"PDFHandler": "classes/PDFHandler.class.php"
	},
	"Hooks": {
		"ParserFirstCallInit": "PDFEmbed::onParserFirstCallInit"
	},
	"FileExtensions": [
		"pdf"
	],
	"config": {
		"PdfEmbed": {
			"width": 800,
			"height": 1090,
      "iframe": false
		}
	},
	"manifest_version": 1
}
